test_name,num_variables,sdd_size,mean_compile,mean_shap,mean_total,median_compile,median_shap,median_total,stdev_compile,stdev_shap,stdev_total,compile_pct_of_total,shap_pct_of_total
"Small (2 vars, 4 clauses) - Symmetric",2,5,0.010088960654684342,0.00018653970328159631,0.010283112549223006,0.0006339165265671909,7.354197441600263e-05,0.0007334375113714486,0.017146052484402246,0.00043321786935086073,0.017133766564141634,98.11193455668892,1.8140393036512208
"Medium (4 vars, 2 clauses) - Independent OR",4,12,0.007176531202276237,0.002292425004998222,0.009479070847737603,0.0005067915190011263,0.00022202052059583366,0.0007771244854666293,0.010017624016477171,0.009234407221091983,0.012509209835233738,75.70922633191502,24.184068690080124
"Large (5 vars, 10 clauses) - Constraint SAT",6,28,0.010795175051316618,0.0033131729025626553,0.014149537452613003,0.007986229000380263,0.0013132080202922225,0.016442499996628612,0.011161435137418784,0.008569553866247548,0.012641254082480673,76.29348370905981,23.415414911324962
