test_name,run_idx,load_time,compile_time,shap_time,total_time,sdd_size,num_variables,shap_breakdown
"Ace/fs-01.net (vars=32, clauses=38)",0,2.9099464882165194e-07,0.036174707995087374,0.06160887499572709,0.09790474999317667,134,32,
"Ace/fs-01.net (vars=32, clauses=38)",1,1.66997779160738e-07,0.0369829579940415,0.06336808299965924,0.10047625000152038,134,32,
"Ace/fs-01.net (vars=32, clauses=38)",2,1.66997779160738e-07,0.03951783399679698,0.06871250000403961,0.10834812500252156,134,32,
"Ace/fs-01.net (vars=32, clauses=38)",3,1.6599369700998068e-07,0.11157083300349768,0.06246537499828264,0.1741689159971429,134,32,
"Ace/fs-01.net (vars=32, clauses=38)",4,1.66997779160738e-07,0.06806787499954225,0.06187895800394472,0.1300725830005831,134,32,
