test_name,num_variables,sdd_size,mean_compile,mean_shap,mean_total,median_compile,median_shap,median_total,stdev_compile,stdev_shap,stdev_total,compile_pct_of_total,shap_pct_of_total
"Ace/fs-01.net (vars=32, clauses=38)",32,134,0.05846284159779316,0.06360675820033065,0.12219412479898892,0.03951783399679698,0.06246537499828264,0.10834812500252156,0.032518360313527825,0.00293279523873311,0.03168911701304366,47.84423284995524,52.0538596311113
