test_name,num_variables,sdd_size,mean_compile,mean_shap,mean_total,median_compile,median_shap,median_total,stdev_compile,stdev_shap,stdev_total,compile_pct_of_total,shap_pct_of_total
"Ace/fs-01.net (vars=32, clauses=38)",32,134,0.055903583399776836,0.058779508600127886,0.11479880840051919,0.06121749999874737,0.05508233400178142,0.12167720899742562,0.022341535965187943,0.008412503330699253,0.0286026888396695,48.69700668384639,51.20219401150339
