test_name,run_idx,load_time,compile_time,shap_time,total_time,sdd_size,num_variables,shap_breakdown
"Ace/fs-01.net (vars=32, clauses=38)",0,2.079978003166616e-07,0.03155704199889442,0.05346429199562408,0.08512233299552463,134,32,
"Ace/fs-01.net (vars=32, clauses=38)",1,3.3299875212833285e-07,0.08278733299812302,0.07253599999967264,0.15542616700258804,134,32,
"Ace/fs-01.net (vars=32, clauses=38)",2,4.1000021155923605e-08,0.06121749999874737,0.060916667003766634,0.12223845800326671,134,32,
"Ace/fs-01.net (vars=32, clauses=38)",3,8.399365469813347e-08,0.06961362499714596,0.05189824999979464,0.12167720899742562,134,32,
"Ace/fs-01.net (vars=32, clauses=38)",4,2.500019036233425e-07,0.0343424170059734,0.05508233400178142,0.08952987500379095,134,32,
